pH,EC,temperature,humidity,light,water_temperature,growth_rate
6.4606269755131995,1.9772261527208406,20.18167242694377,72.55629607274228,15498.16047538945,17.908333062609355,0.17305721433981006
5.696925704453428,1.4650776056824406,25.55519890407144,57.093141737921826,17802.857225639666,22.0,0.1391945094500662
6.451429810361832,1.585632846489666,22.828823443617722,67.2956272662261,16927.97576724562,21.69551936249634,0.03561272865273344
6.494819293965951,1.3568781701907144,19.24082662546334,77.06186465198786,16394.633936788145,17.204010581572934,0.29417046811821707
6.2117228057460485,1.6886240568606146,16.82724521907303,80.0,14624.074561769747,16.0,0.06440876623900663
6.481143731791822,1.4245465724127795,19.60781642435782,73.32073730682085,14623.97808134481,17.13294888691485,0.020170254027168343
6.069539779567104,1.3655940627507415,15.591868034631513,80.0,14232.334448672798,16.0,0.17845421385057286
5.759541783176091,1.6132581027567832,25.12762211480845,65.59123372261146,17464.70458309974,22.0,0.2216600031399098
5.93699588566562,1.2044046393283365,22.76334028841541,71.38411437835683,16404.460046972836,21.679994487210642,0.009733033814156088
6.093560935378786,1.2061312261193802,19.893939006974772,73.45567142399867,16832.29031118418,18.724354974883166,0.19761529161810665
5.573081562027015,1.3752550472814862,14.656068919001452,79.85227176041282,14082.33797718321,16.0,0.15968756278543633
6.122343264617246,1.2293770900006569,24.587384156978803,61.55880011820901,17879.639408647978,22.0,0.03097950266251452
6.481177836762295,1.286420603304553,21.10069087269645,73.8311630871489,17329.770563201688,19.958177417165935,0.05175716308390862
5.6901076497837275,1.4710885194710013,21.32498906666003,63.26534351174376,14849.356442713104,20.300772116190256,0.17039228919482416
6.292595116288384,1.8420685436638502,15.53844455123967,80.0,14727.299868828402,16.0,0.08890728405398651
6.407898793779619,1.6576389146954407,17.53486799350619,72.96356995135082,14733.618039413735,16.0,0.2814947185953948
6.44370159282022,1.610134180765133,19.227456371274517,71.68881137212506,15216.96897183815,17.52095355427039,0.24562206884521523
6.460135604405448,1.4347910585664974,20.192986914058434,76.00628548491962,16099.025726528951,18.599915751483124,0.2950701619540989
6.021459638721472,1.9454029755462532,18.827649131609977,73.30019707687957,15727.780074568464,17.12824267211828,0.0779012516851242
6.477307907991504,1.5176120329897533,20.410616425487166,69.41094988980642,15164.916560792168,17.861309363124803,0.2909170898393931
6.257310207134439,1.2696742134366172,18.31217072012433,66.57637785485174,16447.411578889518,16.0,0.12937016093746737
5.661671436236962,1.693653212894241,18.27321647256558,77.18483488500495,14557.975442608167,16.902825336830645,0.10425563859412638
5.97690010646797,1.291070714781281,19.40916985756467,74.40908119057603,15168.578594140872,18.060951186896503,0.015104858090805973
6.218331175372004,1.4761785142413537,20.494325041292267,79.82762353394276,15465.447373174768,19.29753374186547,0.015829577357880785
5.747340315819083,1.605929550974247,21.247509693045924,65.96608943914315,15824.279936868144,18.926904253643247,0.2076033767839964
6.140615183548888,1.8993780197481407,18.891419661896318,73.31291231452705,17140.703845572054,16.362674337452844,0.13737869833020835
6.166600479046619,1.594837264272095,15.730466787162197,79.78598484422938,14798.695128633439,16.0,0.0679564878108317
5.662699743808566,1.7618070128253314,22.612291397451465,72.66268360391445,16056.937753654447,21.570401475389637,0.1841910918975698
6.065085312452756,1.9942534711992563,21.034286299407352,67.45494973925052,16369.65827544817,19.8699429644545,0.07585743547503335
6.271626910978608,1.3051912959183853,16.688828577766884,78.01745047331792,14185.80165087999,16.0,0.17328952630332678
5.998895664535942,1.4197852204156156,23.532483358650797,65.9745158312811,16430.179407605752,21.941593803695955,0.1077626240948071
5.512103116776108,1.5156608604781172,18.913445763334884,73.10615408911202,14682.096494749167,16.37499946765862,0.2470656679835457
5.509038469079292,1.537462542831065,20.61880074006877,66.53023044710982,14260.206371941118,18.369473602360245,0.24620884823003378
5.857029343970012,1.5288168602124366,21.930579111833552,67.10929174082443,17795.542149013334,20.16669983252776,0.1432051194367204
6.426194068431782,1.926088802045244,25.98402398206221,63.400110785174434,17862.528132298237,22.0,0.10524573280050467
5.728676779603608,1.771226115573485,24.744271077352252,55.37888134824019,17233.589392465845,22.0,0.10876793896772836
6.134363688871687,1.686324171272563,18.720526779735337,73.2237948112637,15218.455076693483,16.490500843657603,0.24171435770046534
5.72207587069332,1.4474981742902258,20.333830357934247,65.83173520943564,14390.688456025535,17.78456279665867,0.0984538448392836
5.821669989659549,1.8590323073770358,22.027684005218923,71.91986513418637,16736.93210604863,19.739875498136662,0.06271781211205381
6.348042089601484,1.964048409187991,22.497873090023102,57.388319296034915,15760.609974958405,20.437268823524786,0.025406502562592047
6.228861442269947,1.8569586260401811,16.558306018218907,74.08877872720424,14488.152939379115,16.0,0.1400079362653225
5.595399277313211,1.2012520841531782,21.35281056044196,69.18043825443868,15980.70764044508,18.41583300525319,0.14463962967595256
5.928702020986433,1.7091210961467256,20.25440305816005,77.3188140298516,14137.554084460873,17.6569746748509,0.2522726131208721
5.529169763645265,1.2409083051536804,18.1198026354689,73.43164342369727,17637.281608315127,16.53415856206697,0.06637160893381919
5.980890146603009,1.4060857762669774,16.668602901068517,73.88679656439697,15035.119926400068,16.0,0.11429738210051997
6.162434011701068,1.2476197602782173,16.57162478189573,80.0,16650.08913741593,16.0,0.24252172166810726
5.618502623598151,1.6830363623595102,18.70803063546853,65.34386922698171,15246.844304357644,16.543185319054036,0.24708708322469203
5.788884938909166,1.7492719307940854,21.515356596303167,55.97525702429326,16080.272084711243,19.019210237444103,0.11538332279363045
5.897836625502157,1.291590110452724,23.191555221565174,65.81696180713631,16186.841117373118,20.5680156453849,0.13773720698600425
6.41953102465605,1.5070711064359836,18.88760738294166,69.71451411235363,14739.417822102108,16.574650168278655,0.09098576725478487
6.493255015422964,1.5649892071644336,25.135569602200817,54.6226967099448,17878.338511058235,22.0,0.2797664635257936
5.544911298995616,1.4952424174087333,18.340328377014675,76.86112548246743,17100.53129344446,16.66379336502568,0.03559312972247409
6.261007923495392,1.2968200003881545,18.35123088754645,74.5165417937631,17757.995766256758,16.0,0.280124826900441
5.871724066402344,1.5351582321499804,21.468214003917357,64.24317883848165,17579.309401710594,20.018982780229653,1.3592926725784764
5.89245818622948,1.8009424382467345,21.159730813122955,61.27901638039962,16391.59991524434,19.41539676544793,0.15947164580601936
6.254264973347023,1.2568061316266044,21.62210744390428,71.11807175359216,17687.496940092467,19.757953678015888,0.009797718235348762
6.4184264321454085,1.2641440112655227,14.219085808127925,80.0,14353.970008207678,16.0,0.14267885754660248
6.450928594502549,1.4838170334687875,18.605691370651,72.29273793980109,14783.93144967658,16.37981220566195,0.12232443150081967
6.077122586038321,1.95338056929514,15.571970154632446,80.0,14180.909155642152,16.0,0.04836564359253676
5.857121159300503,1.734858117378331,20.64066642071313,63.368243326942974,15301.321323053056,19.15928099704812,1.413319993008296
6.287549085858779,1.7429359653380518,20.287905650951622,61.79656284347306,15554.709158757927,19.044902898349786,1.062287970526851
5.751001383262301,1.489535992670292,17.205636554440876,72.12918654171203,15085.396127095584,16.0,0.16865664331935754
6.0640740288335175,1.6749286329668307,20.28721620193433,69.19763751435386,17314.95003660772,17.513366401515793,0.21442598293318374
5.858578461524873,1.2081049472221947,17.308586262996453,76.59952472062055,15427.013306774357,16.0,0.020535135769805035
6.156631073707876,1.7088768371276337,18.99837984420318,70.797060022312,15123.738038749523,17.42656626572486,0.12530009874509843
5.740398912893507,1.9306295580609893,22.08106897363547,67.59813903530055,16170.784332632993,19.449175095698237,0.03490754554934876
5.6915929457348255,1.6900587746758553,16.592244807227964,70.55781326459186,14563.69689989905,16.0,0.18383875066095312
6.418239086675437,1.8989588747730761,22.21688095405185,72.78506111226261,17208.78792301616,19.523852276671292,0.28154464746424634
5.601803682949537,1.7791784443728749,17.237687337974204,75.11386943208873,14298.202574719084,16.0,0.19853331974149155
6.005957907734931,1.296446733122952,20.361802081877382,74.86287499418587,17947.54774640207,18.85732004153066,0.023040914494326457
5.720852782963009,1.9219626458286734,20.87491835727751,69.96379001733351,17088.97907718663,18.364834499784955,0.10639986149552484
5.538929963325668,1.25315507548462,16.724378081297942,78.83500993317304,14794.86272613669,16.0,0.16519901383225546
5.536018818291426,1.627173978038211,16.914789857800045,79.01925668556093,14022.08846849441,16.0,0.12096232683997565
5.675221772105827,1.313709699034766,18.86608992864164,74.50636294280329,17261.845713819337,16.409108574318413,0.2500932031425517
6.366770354506,1.2093652885847233,24.756879641223243,63.699854516891236,16827.429375390468,22.0,0.24440130141299676
5.782478743977027,1.5376274081021113,20.98655577610741,74.67265109844735,16916.02867216395,18.674232100745265,0.18354930603096642
6.450459170575296,1.436032566123325,19.685630370758613,71.61134510699011,17085.081386743783,18.3307728318192,0.11203738353981157
6.081622292989193,1.5888003950380825,18.724138428404807,76.09674193113295,14296.17860693636,16.63408459061093,0.07660091212897324
5.9366141897687665,1.6617599093876407,19.209206814795433,71.13290789897299,15433.86291417709,16.239867335746418,0.03176229546393879
6.080088834669454,1.2349912578471578,18.021537039034072,80.0,14463.476238100518,16.0,0.1064693050459662
6.016698385226268,1.2984026360989964,22.680747103589223,61.2565442825252,17452.413703502374,21.5943996319952,0.12395175516231585
6.2587762537573255,1.6469139171603402,22.008207927404843,74.9882863097444,16493.192507310232,20.678578295945968,0.20274687753122209
5.782496065972852,1.4745338825381267,18.262589804189542,73.2740306383992,15323.592099410596,16.99913225728042,0.19744794728927204
5.853050391600302,1.7833387900395583,17.102596919854737,68.6409306497003,14254.233401144094,16.0,0.021032441892377084
6.394094302533251,1.7218333188735517,18.69382589255936,73.25287028943522,15243.929286862649,16.058255232845468,0.11857779462934732
6.446456513150405,1.8764834903919254,14.69689095863582,77.20095979535395,15300.733288106989,16.0,0.054533660165208574
6.392558227486474,1.75399426133538,17.88804258895515,78.42713256703331,16918.424713352255,16.0,0.04704381159504171
5.919447993957314,1.5439448619121185,23.283978420309904,60.16892326286824,16550.229885420853,20.602572364287504,0.24819064492117376
6.280365503006882,1.7383732979155457,24.838786397307874,58.09151003931035,17548.850970305306,22.0,0.012574565014877259
5.976335733301099,1.4203049394043348,19.390787621535043,61.770721102202266,15888.859700647798,17.306313210551348,0.12575486277063638
5.997539852146102,1.44505079902257,19.63149090986474,68.47548658402513,14478.376983753207,17.450795528947197,0.050461096729955454
5.704680109057284,1.8311881279366347,21.475479457979052,54.92964445089712,16852.97914889198,19.45875836414649,0.2637990647035422
6.091130303258517,1.5571356131212657,27.200901811378067,50.0,17043.14019446759,22.0,0.16711215398251053
5.686135897753348,1.838704272414682,22.48425861314714,68.8335560544272,16245.108790277985,20.35421462742911,0.06941419091305441
5.831564699067194,1.8579378989346227,20.82803353685671,72.27293371954075,17083.868719818245,18.45026293275653,0.15072818614991293
6.355030201619935,1.886049870129027,18.064101504256712,75.9990848004114,15975.182385457563,16.0,0.21944590791093474
5.707075809210855,1.933308188672966,16.87803867701283,71.40904193032827,16090.931317527977,16.0,0.2874354026758301
5.571158285173433,1.544788176410637,20.117091345168646,69.52726052895281,15710.164073434198,17.59484827108233,0.06613380127362568
5.569007592612817,1.455093454656911,16.588975016407776,76.80403727173162,14101.67650697638,16.0,0.2658545316388035
6.440784520503108,1.665758997275291,15.587058288777868,73.03405997648154,14431.565707973217,16.0,0.28029123425024705
6.006920437961835,1.496937938750102,16.832570974261884,80.0,14125.716742746938,16.0,0.27492616335961984
5.909412071817019,1.6808593334401865,18.382545637826333,77.6217201772257,16545.641645055122,16.889187908783086,0.19062430705857294
6.310878581007918,1.7644686901150597,22.631707194450435,63.63176474195081,15257.423924305307,20.178783764224427,0.1889461963304123
6.335825927910516,1.7507240147937093,21.797562278557713,66.53930463785723,16034.282764658812,18.813942375858986,0.12096318995514682
5.832191033115604,1.4996423096160971,21.614320613071136,67.81327281359549,17630.26589570437,20.415964413896706,0.22571936469113635
6.193618057473795,1.3334881613590022,21.95705719437555,55.87721126912744,14997.1689165955,20.154068562652974,0.15938820550527957
6.271122815851887,1.544423470769766,19.796268307437753,69.17157647252151,15641.531692142518,17.196126370039433,0.20323142136848835
6.1546506868659545,1.314075315265527,19.29963615151567,67.99080645697967,17022.204554172196,17.891564882257875,0.12853737115463862
5.651595074800099,1.9120776281470466,21.961440816505803,61.06901831751382,14915.19266196649,19.851270917901232,0.2194489392129417
6.375883083517057,1.476701968590286,19.38573972668449,69.82301908220124,14307.919639315172,16.919597134625143,0.2473414552813647
6.0390945527360085,1.323567797778659,17.084513503002157,80.0,15159.005811655072,16.0,0.04393087698084484
5.782472426370004,1.2203582079246007,18.264207792848804,76.67579872063743,14644.885149016018,16.888158323617972,0.2498789146722684
5.925228185437694,1.7166579090291874,19.967554102600776,67.20899684588447,17718.79060937029,18.256784965229297,0.16208895953709215
5.537571090398908,1.7095218539637944,18.466882056328995,75.9291497941228,17232.481518257668,16.0,0.25339977272706726
5.627866801222417,1.4724833332650333,22.385970121104975,72.22483694072005,16533.615026041694,20.27751709284094,0.12939051190230438
6.265546750515861,1.2573695110781207,25.30467564169113,64.01381713118158,17485.84236075087,22.0,0.1137121456149105
5.500011634755366,1.5277031159161856,18.417553159958175,73.46304552968452,17214.688307596458,16.0,0.2745182197551667
5.916565828482292,1.4489739960507149,19.872218708925285,67.02087869362155,14746.280235544144,18.801595999044807,0.07535078026452038
6.022510181085589,1.7416965117880074,20.26895085571626,72.95321485663544,17570.235993959912,17.777483290253794,0.25326369758584294
5.554634420000973,1.6846233995621522,19.18311820013321,73.60119052684233,16157.368967662602,17.778157079802735,0.14520617175282122
6.473078162972333,1.491674982558032,20.04497277217851,74.38602055578164,17229.76062065625,17.128825811939752,0.1542286327653779
5.726125331249672,1.374314043403992,19.85638366033434,73.46309168774116,17584.365199693973,18.120502157730172,0.0925404844468452
5.804198719636281,1.9904287729244734,19.36905715577711,76.50964926504244,15272.013899887455,17.71519392310095,0.1719126601857047
5.803942512255027,1.5632012969568918,16.778307465288634,73.7672090116199,14440.207698110707,16.0,0.0975633588828634
5.73041666211735,1.7506193886241896,19.452654301727446,77.68166172471673,14911.740650167767,17.841445870747016,0.011780824272495693
5.501473822086312,1.3124423740626885,19.607954935606752,71.77208815224849,15708.431154505026,16.854653411950352,0.08159958160330681
6.2293447940879965,1.5884717597275182,20.794162969957153,78.78797842321201,17272.059063689972,17.801494294702657,0.0019137130219772035
6.466845499799286,1.2220293758955723,19.627795008942176,67.29847089166782,17442.922333025374,17.891175947928478,0.29350643611705696
5.724293483285045,1.60436409432836,16.874265860988096,80.0,14027.808522124762,16.0,0.28972416294592424
6.163047191803423,1.9712139256941619,21.553771661961775,67.8820105933897,16042.989210310263,19.1096297855563,0.11854658924169151
6.241896326958715,1.5073653703886403,20.671478387843877,65.39995320624,15669.644012595116,17.899086826913727,0.2185112563018938
6.348425379090525,1.2311968100599293,16.933320752285816,73.71392932515676,14888.431241882921,16.0,0.1037418295231275
5.92262919701361,1.2247646327354749,18.678126080193184,71.04201129864204,14479.461469334732,16.895074683837525,0.2013279471257928
5.802930905640429,1.5103894079574955,20.853234932358088,70.4143598672934,15350.460685614511,19.02799125066084,0.2416290129137937
5.8252951340230315,1.328019949170555,18.43282825340733,75.74852093336284,17771.638815650076,16.041591960413715,0.2840268734076722
6.212621333098513,1.2186816770625486,20.37953211284289,66.37243575462132,15292.811728083021,19.373095585634335,0.12006368275490159
6.316779466505636,1.8049708911601414,18.74991496908177,72.37839710053154,16075.162486973464,16.51073629416209,0.2349893948868143
5.681613967756602,1.5668184071055125,21.95327317276703,76.80480544752527,16812.075835580712,20.242287151884316,0.07977853518963564
5.870941008157765,1.4313958175781236,17.92800009643214,80.0,15454.518409517175,16.0,0.2970996911380945
6.40194019674915,1.9200665464131845,18.277364129554805,75.62689008926056,17887.128330883843,17.09138284990854,0.007730879629305343
6.306693519694739,1.2929111681604204,18.59470430400212,73.00060878283676,17849.789179768446,16.418299770105342,0.18105864195033627
6.484858402762476,1.9647350631642553,19.10329907662422,72.39355848034286,15007.129183301457,17.141353296851975,0.19785179449539814
6.254248259682081,1.4511733739018822,20.508439027012507,72.05071180962707,15988.994023569541,18.22378797520205,0.20641366712223866
5.893195201027922,1.910722937846945,17.39487998905826,70.09627719589145,15203.513239267078,16.265172800092323,0.0361162736367267
6.090637833994638,1.6823543011835693,20.41654689506462,67.88002352275403,15139.36197750987,18.256579320208356,0.28155893504193913
6.16101425424732,1.86136588779319,14.82450766488021,72.00806430085163,14147.547789418131,16.0,0.05435498371502484
5.578455816317124,1.9872105305683714,20.306097738624953,71.38392013577648,16438.25733591959,18.18477754979261,0.1868260209719523
6.044496959103865,1.4307243502549967,17.588683693390532,78.05861231173263,16010.716092915445,16.0,0.06680282373692549
6.20932082847261,1.9689083883260743,16.90224278939564,73.77958210971184,14205.915004999957,16.0,0.09216492510638126
5.66732130400106,1.5115855159219362,19.20938319957927,79.45116741729163,15114.585856946445,16.59940520021773,0.1639375625184373
6.280631717425557,1.5084095237895379,19.91223681329871,64.04669805839089,17633.063543866614,18.37259537304228,0.12515802556937294
6.083772780514112,1.4723096834036045,18.18913647420824,66.29985265053442,14958.24756266789,16.0,0.048067680292951886
6.452221785697595,1.633126085878068,20.59216510679377,69.93792887921232,14579.579488364892,18.595653742266865,0.05128092072625449
5.542422298206891,1.3233160345427897,18.804027302063954,77.62743690893285,15957.811041110252,17.649910743795292,0.1254434364488399
5.765326137555467,1.642969188286409,23.613986040572684,71.19166637614397,17942.601816442402,22.0,0.2271848934826502
6.101553879299824,1.6333638499280032,16.708807376730764,74.28796393219378,14968.221086046002,16.0,0.26938939405433654
5.796559912205931,1.809521450083896,21.748150545454077,71.89710307624831,16688.542189623513,19.178356591231143,0.025238298677814852
6.214424164071242,1.8669199695500684,23.92961570263067,61.94822624723513,17046.47846131487,21.51425383314884,0.11793117226782031
6.259005282521931,1.5523530802499392,14.007261175715021,80.0,14950.550175969598,16.0,0.03007366911686299
5.602515964066474,1.441866599481195,19.319074883506488,75.78014992042039,16912.86539444744,17.28453677062327,0.004977744189779365
6.0138544642067675,1.4074679178536755,20.625276785238093,72.01106082159092,15471.132530877014,18.74487878932711,0.19851560479318697
6.008890555591056,1.3556990693638975,20.123132550288332,61.87177411450209,16529.223322374317,18.828227496875765,0.18073483258997633
5.869280770215541,1.24611806575922,21.276410589786195,74.82988056905708,16534.11884304358,19.620025082567572,0.04890573414446586
6.432924862569672,1.4739583830677707,18.935128362867392,79.03020004500249,16143.098736299034,17.067089630519643,0.07014384992791924
6.327506319873221,1.4161981537046266,18.53433865516343,69.8035091821255,14361.159080217632,17.357137795804196,0.007112326093355514
6.197209381909637,1.9731339086931259,21.02985551157279,69.91930664404147,17341.20998235695,19.58863160615037,0.2504841617083211
6.214326635734998,1.6461670610000352,21.618684383206556,69.23278216500059,15283.120259886944,19.42223379507908,0.2924071788145654
5.961716143813119,1.4778216312244061,19.254915728201844,72.79353737271585,14746.074041599417,16.783589499723465,0.04063786103840724
6.420994521096576,1.6643740807949567,18.838305890369462,69.57186245003398,14163.100566219056,16.0,0.06944256412958943
6.194595427253286,1.3113573610765563,19.539817840508032,67.56224747929367,16363.571772752966,16.673591177820917,0.2605228571840802
6.2289810616558166,1.5552349993617622,19.735044999224144,70.40213964659449,16710.25744736913,17.44991460015376,0.27793913938685544
6.361690903787345,1.700987457136851,17.201234940072183,80.0,14066.351315711425,16.0,0.1258882148420431
5.774071589342191,1.591118265433961,20.83727651795372,71.04344773706472,16048.372233197124,18.56492178853725,0.015186741680722237
6.307070903866703,1.5214230405234594,18.064014139151226,72.01890006126702,14905.983100791751,16.0,0.01181755010784582
5.695240602956492,1.9950787111197585,21.160240875430624,71.53801180238048,16580.6911616378,19.92356849358385,0.17218495982070312
5.845341952244888,1.9042518097191417,22.848267313310842,50.06075227022794,14697.465716019966,21.028457533918264,0.1178685326679537
5.835610454269843,1.698724766527552,22.506000359273248,70.73182778331403,16763.750952409864,19.826395788002014,0.008595728273296355
6.47852546838914,1.6555018889458262,18.894894320866467,63.511642464376564,15546.94138520215,17.127228417000378,0.17497571769376702
6.356537223747927,1.6965283838596672,24.149347799274828,59.889099694434684,17746.919954946938,22.0,0.0033907609767067416
6.20116986159026,1.3610496862579466,17.73393303054087,68.93378446578754,14550.083776583973,16.0,0.23621158744478188
6.2270567616153905,1.5161101946114548,15.288016333845327,72.95055995370481,15364.265404201034,16.0,0.09192984681101148
6.062072794402571,1.2315676263127193,16.43772146312755,80.0,14453.894084962356,16.0,0.01207740090276963
6.447090667108519,1.5804368299894613,17.95719063106254,71.74711273131545,17698.774473114252,16.288168053578676,0.176505666294946
5.996258752882362,1.6344196671661306,20.806330445441308,70.11985851777096,17509.357413523925,19.753937028377177,0.1193053243299164
5.880517709869895,1.3821997888825677,19.068603269239727,71.62819056712462,15031.766510860623,18.020219741457016,0.29214012400714484
5.663035336931591,1.971223077732411,23.99281080868728,64.39958251874104,16639.936184136717,21.329416721335733,0.16325959875111065
6.286205652261058,1.9275636887497936,21.922743548333187,66.5386223586349,17268.888800804863,20.37660192838756,0.08257175431110249
6.2344439320755916,1.7777145883647245,19.78260218878012,64.01983450149692,16220.803246397849,17.74644465630249,0.2128316593901924
5.884355038524135,1.62670930301229,21.777413475791004,71.42650714565369,16118.602313424026,20.179962328613456,0.08144760076281339
5.525193413959229,1.895975327718148,14.545138545586038,78.44093999302136,14967.409163601807,16.0,0.2712729874222695
6.338997327718011,1.3045218750587704,18.843640187440727,64.52981013181979,14372.411071223596,17.32504666970918,0.11241659115221293
5.5114179834540735,1.832407835419908,23.130593419587242,61.598237355995956,17588.863031813307,21.271279794109372,0.16496056883286156
6.203699779629051,1.2998566511734786,18.64449973709364,80.0,17601.672228653322,16.0,0.015171931147268657
6.470257109726057,1.8353685300395244,22.819913915506927,68.6112808795536,16532.40582909307,20.13604678192331,0.12783637138566922
5.937661328148203,1.4206140546010855,20.03311197918363,68.19051536959344,15356.119164194803,18.660909143491075,0.24970906189829847
5.734973404995952,1.901672464814551,18.56626247064904,71.12118653710978,15396.838298450644,16.0,0.24169464160900256
6.204871010043382,1.9552336750603183,22.169386447693526,64.05305184852604,16903.822715480957,20.25301267421774,0.06729556765605788
6.317128142015585,1.3190367755240924,26.129826755419096,68.12408640696601,17588.441039810306,22.0,0.0678237213031688
6.046430316077847,1.5701404840523148,21.91207820717746,68.08552084680285,17548.345697060468,20.64511826234557,0.24519159366397103
6.467035275256146,1.984789902530148,21.615943356031167,68.91832152389301,17119.502183430493,20.454740328516916,0.27911952605079765
5.551668721657961,1.5867259487785172,19.649404785536664,75.8526076990859,16568.126584617152,17.193526171589134,0.028608276381901065
6.004795598304528,1.8908380180116362,16.63687112105061,77.92020355303134,14336.559859980196,16.0,0.13501759182786757
6.21845394732255,1.670985217705056,20.307186489466947,68.0904162919626,14646.514856378455,18.433485084236587,0.1012362836892687
6.362640471149179,1.5002639263356814,19.882049102290583,69.25415254999395,17594.216754108318,17.42303264498579,0.2612065366372318
5.67925561190779,1.4286268444206962,20.56884871307715,68.50429627677539,16425.71623863836,18.037822915094928,0.02505747440400563
6.300003481763682,1.36257847286887,17.081473312936286,75.65094219157822,14036.78820646652,16.0,0.06333778276741121
6.052707075718545,1.8094385531021577,19.36384582295691,74.91045607227107,14405.886171464128,17.14339552400163,0.2257405012759483
5.896553681989963,1.5092324054584223,21.321331287006117,67.61706685502426,16654.007076432223,20.050623122450745,0.015388154694364675
5.631715028579094,1.609020369760601,20.095326223900674,73.47254793827655,14020.246335384874,17.592576051842585,0.14776061421428677
6.365295758908912,1.5938603840009455,17.6231994079605,74.35001828353609,14643.232205669994,16.0,0.132632110403916
5.657273208179715,1.661823223386505,19.655185286879604,71.08280537782124,16194.935157466345,16.741956044712687,0.10032035369662459
5.8097878592090995,1.8924617164996418,18.810053359206158,62.38888985892714,16767.58079077077,17.672137326493317,0.11837169459567713
5.790045531962437,1.9845914748667435,19.71925851785818,75.14312133779605,16607.845038010404,18.60514907555567,0.15898217607906986
6.371414034190854,1.5260673668590536,19.651678223931945,72.42908593162608,14897.077237842239,18.087304074545546,0.04841020751651493
6.172702994208898,1.8620151376850425,22.362694118680846,70.26466231193656,16848.716885390142,20.839282751209034,0.17159876348507783
6.296681397191373,1.8116222357237741,17.10466570163195,61.30939170576765,14948.996349987201,16.0,0.24162969878999588
5.750467898792499,1.6588231611644586,21.040810632848395,78.36025225820686,15301.59879263707,18.228301471806322,0.2280482789370477
6.124874099606999,1.9648377148895464,23.697241338081998,61.90756918306013,16985.965620472096,22.0,0.0461699714081321
6.071745983143749,1.3603796124227223,21.42540140263626,72.69011127841506,16598.53159618886,19.881501950379,0.04477484092244217
6.332830376788271,1.287411368247697,25.150485267092844,54.49949983018666,17396.893641976712,22.0,0.080452310323474
6.40608706048126,1.8831695735643377,19.082873170994226,74.8981231833244,16630.451569201374,17.183393486093145,0.10832241790231116
5.512156771477387,1.5513198533069987,17.783925006719052,69.16507217069362,16273.234413341886,16.0,0.12253667442254478
6.174019919058793,1.8775750833656484,14.817258573503814,77.24663804951335,14374.69907131237,16.0,0.2039091650500036
5.551835799119729,1.914472164156332,22.4629518352161,74.64425309890173,15470.863212237735,20.48780944786933,0.01700412964975062
6.048858665077356,1.249966074895257,20.369540783435017,68.30750642931324,15060.809470726901,19.30231358306845,0.010401811267819916
5.787632729043678,1.9067718103888485,18.864789231695422,73.35758590250776,14975.958573516335,17.739482824784712,0.11757316888317271
5.806776599522141,1.5586552442955377,22.451979471649423,69.44637971014492,17892.04221900978,19.6391045649606,0.20914910764139413
5.852958503452356,1.6083459912033857,17.321412804070288,77.83558383172245,15572.390898667041,16.0429220618351,0.05803060288694477
6.12129244904961,1.7012740088745681,26.459690179942104,57.83271416583367,17568.186220708452,22.0,0.1924513443768755
5.834049965668769,1.9411060853840694,20.782996867939506,70.25881127645212,16524.554503989053,18.960805662738093,0.07794844138208984
6.232699050590281,1.2152928755438113,21.398034803376376,79.22100831943862,17179.245214166593,19.70334815085869,0.2658258326440549
5.90452738557387,1.5814747746542537,21.46208162021815,66.78774277439577,16010.548372420768,18.662414928843607,0.26870698327998493
5.568353200309959,1.7501776339444484,21.269634001978865,68.4662272296171,16307.615538505437,20.225987208427885,0.08918616128439795
6.283759842484107,1.7781655661585827,20.41783882383372,74.41759433237063,15970.070775275455,18.09025945148254,0.06899812618897215
5.785758324592706,1.7540259452296865,17.200023040301556,80.0,14780.971951192178,16.0,0.12339119161986938
5.932766879599263,1.3075481035264975,21.83274517531801,72.26966117716589,16889.80846104602,19.712408808394326,0.07215947555404462
6.185443883221901,1.439516470697345,22.88713844271349,67.41937422471894,15123.089449763424,20.013493518647305,0.20171515298751108
5.832456157148712,1.4869724203336108,20.78810395803577,62.70876752027604,14097.263865725816,19.68358819946372,0.8487975121822467
5.556585656146716,1.843549766143604,23.768262436907467,70.63063278769054,16581.88918362867,21.930675798759143,0.2019276392733651
5.873921047012813,1.4230078979316425,17.686011364765825,68.8962503053749,14708.442717628195,16.165695782841723,0.24730513417480482
6.444448582694303,1.3685639710937625,19.782624696894494,71.94792793240617,17761.834337411656,17.320982766933035,0.11909764866224223
6.141734397298558,1.965958415230477,21.564140467811054,63.10033981428109,17815.71430801035,18.60154628681656,0.04689509121265826
6.171479148667207,1.2070906280907752,21.770907385459182,66.13749349611668,17659.457560881794,20.257847260570685,0.22138528421927764
6.1322821536376395,1.9982566845455825,21.669017837963676,68.30577637559004,15480.634801021777,19.36066863501553,0.10814235154246617
5.6989921389594365,1.7414570390859163,14.676897206685831,80.0,14061.82646611547,16.0,0.20138124756873974
5.91833386410228,1.8627754395592937,24.772374889272125,62.56485399263217,17713.2742503509,22.0,0.08119318259452969
6.250939798363318,1.4356955170769545,19.39672079611128,79.27511475307067,15712.736593269257,17.468855822734607,0.0243688904420018
5.601372897553159,1.211452222133648,21.012857136279838,70.24195723501023,17866.61927617468,18.068846477016763,0.297774538646329
5.777852776089713,1.790295614849224,19.830271157836677,69.11867450787341,17854.47990835701,17.613216612443743,0.04686045237917978
5.776319108465854,1.8673156776005406,18.102324478137902,78.61578688516599,17412.03782186944,16.403311733964266,0.2965262981890443
5.932018927594506,1.7923809055628153,20.82413673620217,74.29907897221887,15177.795568278343,19.595945166426304,0.29318397976993416
6.480368740942185,1.3142802298406708,19.68702684878451,64.48790722674602,15540.3909144077,18.384533191314638,0.23814543117241188
5.567502546683822,1.8027423378055754,18.82462488658532,75.33775057607865,17404.546686067428,17.373991026682848,0.19782688862459927
6.018700994380595,1.8151382256861128,16.67753047649788,80.0,15267.688020625112,16.0,0.1733421150753254
5.679364682012211,1.726832412536044,18.006401588164113,72.49937930687182,14677.97098674437,16.0,0.2598304636133504
6.470676545409744,1.812892746236469,23.565248100412187,69.74803786573372,16227.205049833401,21.44280252384714,0.08683185648584638
5.613303504727464,1.8767371517421858,21.225436393915913,66.79884927700554,17744.619096643124,19.17865457116718,0.1403043637454631
5.903601002361591,1.6908832913899667,17.777833280463682,75.07221570643034,16784.119186699892,16.54829553672525,0.18581699080995057
6.237884984834606,1.2708837711757432,19.78875855218557,69.55712377420951,16280.24468035746,17.0684791654867,0.12335714276084732
6.204554428027445,1.5901022477337687,17.843258835587733,74.39137756673188,14388.705975083074,16.0,0.1282459362270804
5.9227286368939325,1.262119467737284,15.066255620913537,74.38611332369692,16460.02890679668,16.0,0.09908540025062532
5.846524167952718,1.5260344248259448,21.851625667381427,59.09649425226567,17960.21540041705,19.43595547292189,1.1538075400853716
5.8976123785528705,1.525685191300502,18.09846700052874,80.0,14560.336060946096,16.01139056584345,0.2551723584045348
5.7642762631586395,1.2528078753121932,21.465731339081785,62.83373058024479,16073.318609454947,20.30228064758823,0.06045851340189385
5.7053329387068,1.4790564271755835,25.207404477602513,54.62822929751344,17509.492287711822,22.0,0.28032991162603244
5.98303969755889,1.2887984790330518,23.216204530112332,52.800640371756764,16963.07447101682,21.246811955852237,0.20672629612446888
5.768533756067607,1.8465881680073777,20.250285582871413,66.30462009580967,16788.062963981072,18.91873650254486,0.24698196380400905
5.787461664897251,1.9581504207715765,18.5968845184651,66.1907819960323,16809.936335948438,16.0,0.16685720778900348
6.156756063474557,1.2578531802063508,24.584684211378743,69.04070737792436,15437.96460487902,21.88473346841742,0.23385501042721904
6.468537331699892,1.9640921658333612,19.29280424508695,76.46347695653927,15174.367377057973,16.95475957042873,0.004860119201840163
6.103637200559375,1.618061279469396,21.265303205739947,64.02864186263149,17237.444621914055,19.340712083738733,1.0191545452946322
5.576979467064966,1.439652542363099,21.192203404496716,78.87777221772811,17240.453578716722,19.3686723213277,0.012041657725609955
5.575583613854067,1.2614896602209307,21.864458795856123,71.17990984324572,17468.289274320414,19.562511861554214,0.26697401290885875
6.451423220845566,1.6004994144563343,21.364241386377998,65.64736030970089,17652.962210225884,19.27337764756419,0.297588824171593
5.797290790307334,1.835612435592599,18.89804558168328,59.70688026226558,16045.369595443752,17.77349936991951,0.08822023865303334
5.592066986082475,1.7656691818133585,18.912347296268013,80.0,16006.065178748799,16.88734199872735,0.0630955668857381
6.099044587150382,1.240180809171179,21.127674175435104,60.79678931531181,17193.1807158671,18.514866940969426,0.2296090091574122
6.123648778290266,1.2583214682943227,19.513006180843533,62.74699390352848,16599.85572311106,17.594526425649615,0.07590790227607597
6.1485048201186885,1.5222986261061098,19.382175943676486,76.34850027269523,16807.867509030813,18.27826278856795,0.25966871495166105
5.767402027857541,1.4362323952383547,21.3960311331282,79.40669976543995,17183.170677744405,18.823474734360133,0.03085277764724301
5.515110684214475,1.3859074584448383,21.050066932428557,74.82123022769548,17560.021367270267,19.647339368156608,0.03778655891380748
6.465015369454472,1.424803599126971,22.359966604571518,68.09961239111877,15351.980627406143,20.84272493479544,0.2937454665301847
5.750893045691102,1.8427861946375077,14.20039219377375,80.0,15502.331810559775,16.0,0.20215166948100138
6.176026288052547,1.9433824429054831,20.558941463208402,73.14919486748474,14375.927759363476,18.898511333465407,0.2540661673286858
6.20662986987871,1.5240821556220532,22.805290948979955,68.18406105097391,16313.120563984696,20.291787937602685,0.0972988132054554
6.110007417079486,1.9248888017059977,13.99698863037067,80.0,14143.769095186968,16.0,0.20294512485618132
5.812907394213648,1.4571965609983055,19.17701688436914,72.16697175102111,15862.392072529841,17.767254336067715,0.17827254819257915
5.771096253764066,1.5811495890750333,19.42769680683872,70.83164074682495,16170.578538830307,16.67203665053464,0.18094503603688408
6.097668282702703,1.3808231982527999,16.331141619077496,73.56789381751162,15146.165008513137,16.0,0.20475973786131646
6.366095633611692,1.7123808337406752,18.807699667094294,70.98122528147753,16363.333042276043,16.06654281700228,0.17260775193872957
6.4467337289233955,1.9831848921398472,15.900849308824538,69.73351731137399,14122.000999756197,16.0,0.12871871079079977
5.605905804403758,1.682794476834703,21.6539336418441,66.20043458233803,14149.392754996858,19.751454953482124,0.08277680831416405
5.65482861259772,1.486251267290839,23.161759028933552,58.73352640637831,17290.402242638633,20.1917797166518,0.2305743992739606
6.444736258783079,1.7182539567924227,21.98387275563337,60.5143079026544,15440.762565645051,19.43984780301339,0.06788172900095586
6.236535228334793,1.29833654277231,19.951586178694008,70.99629839837938,14508.24205060754,18.89725133624289,0.20770629184632425
6.382993824829773,1.910927264212319,17.83086949778476,80.0,16088.973040219218,16.700460315263776,0.069999846794798
5.702632634135343,1.6024671606238692,20.0309336798349,74.52971567034176,17079.974212394445,18.103070926210233,0.18759905098633617
6.087585871109402,1.5594797936317137,19.842033232443207,62.463430516997704,14863.284109987373,17.023592820720086,0.22412348013870867
6.201139594417474,1.6686918307628154,18.04730628549211,68.95724674616409,16491.561903276,16.0,0.06561416667196175
6.180111885446973,1.699827090231522,19.767386720319845,75.16908249930138,14341.389859975072,17.771761704251265,0.017982990258392482
5.908151690866698,1.2574206449812104,17.726076088358163,69.63541085559213,14206.72688467443,16.5151286884449,0.03929212289825222
5.515394891691308,1.746093776978722,19.375776911173396,70.12528042766809,16125.418526272591,17.062216701724807,0.18179909018130763
6.082926056804263,1.3935453442524237,21.58446042284741,69.58133964942793,16162.540486440426,18.94025410164696,0.25483392186772064
5.7531015391796085,1.7711621060052718,21.438246228964903,62.28178526775203,16549.719605992825,19.67740621394978,0.013499046370627309
5.95025424614289,1.8580278355073574,20.182433003252484,70.16201152422484,16904.365334890645,17.631209301401828,0.22024537771249386
6.457581015083817,1.8431668060420163,24.222067924578635,54.88573667625171,17903.40831785014,21.29311461677701,0.10239559378501563
5.899035317642435,1.6420007739263114,17.903074738004985,71.18701230423396,16065.201393204781,16.495541819749608,0.14355851097585676
6.339801606664427,1.616135913848601,20.52369710565351,70.55151545940566,15291.825891764984,18.47703784326403,0.2786578649536697
5.688540605749251,1.3143007690715294,22.36694729501158,57.301136742318484,17180.744779074816,20.79267137884243,0.09959145142075364
6.172460498025028,1.8202769203225084,18.464236126420317,75.27390143696135,15083.329005048297,16.0,0.1396010801818458
6.477006954438943,1.4171275043573714,20.40815172730678,69.08550755075304,15755.885682822543,18.252964995544467,0.004104724428204331
5.601893100872937,1.5973563382543572,15.811598372598459,80.0,14313.825525369064,16.0,0.024479616001451508
5.5083199422271925,1.4274192743420133,19.949457012075634,71.22065664617205,14101.40297366183,17.353628692843845,0.0775774773404352
5.933582792632614,1.3070626903997544,21.48078938582572,73.85912337821779,17850.5936587117,19.68884844050081,0.00835567224632232
5.592625483051367,1.7036461575133892,20.298474441010743,70.02917363121806,17343.920482048823,17.468294304196657,0.18941259781447528
6.248384349676232,1.243465627858323,22.88191527604857,62.08914174227659,16783.89682437479,20.81585754155629,0.12791950704048674
6.414548663848559,1.7989161873009598,18.22712439657156,74.15723872201829,15635.81177765708,16.911214750900864,0.1644435608184066
5.934020972708759,1.4540694362088933,15.876254687556264,80.0,14693.177280283384,16.0,0.052394155768898866
5.758711642155441,1.2001077544035883,15.512489823636539,79.21932070435544,14625.748170684345,16.0,0.08877960883098483
5.93440331900661,1.608903311389784,20.21299149534966,69.7769754653201,15000.971592658381,18.579468141214605,0.19914734245581753
6.223447817850001,1.2374815268220825,17.636047953831916,71.21794565330238,16196.906658824482,16.0,0.28959081708911993
5.509054161580371,1.4209356462567195,24.367972054768977,57.949551302707306,16858.38369080025,21.555685545237445,0.015125032080662758
6.0894539894846975,1.765581189964573,16.476930691103483,70.03311225879456,16640.789506870926,16.0,0.2671152962565798
6.113291684887379,1.2501516972974926,22.512648324363848,73.72258706720699,15119.73558778377,19.545605378933402,0.17306436039336254
6.1376882468959355,1.8714707938848019,22.241496057058015,59.297691708927545,17819.461122652778,20.9600730009605,0.1691758700266871
5.742022079980877,1.2030559381268664,20.758161443042287,65.0191511249359,16951.587666783074,19.354130106237307,0.1500835605623281
6.214052723378127,1.3974590953615218,19.127578036427703,68.1528075992986,16217.416210045603,17.759128357951653,0.020818225771255017
5.591391486331776,1.7927232449216572,21.245155213641553,71.9843114574391,16446.88298493741,18.45717579362581,0.0269630555208482
5.6992703364668005,1.4530161197834455,19.603130844861465,69.31898991881692,15678.40024971116,17.29454574021154,0.18027360169772583
6.377470046654482,1.2815139104528108,21.197527722037673,73.84365491929331,14990.92395800463,19.893319155593126,0.10228757143066748
6.238723150726567,1.4881871350403424,19.652346011929126,67.3278548549224,15423.890714605046,17.771699175192428,0.27518041997330417
5.513745554011345,1.4163146291076205,21.33198796478123,68.73099488155654,17031.384441857477,19.101391914641628,0.12197716120784168
5.7483762603698,1.874169521728444,17.33034953009131,71.16256567351859,14057.573954519023,16.163421360112544,0.04298443761079233
5.714406482993165,1.4506783340681144,18.35039931458553,80.0,14464.290562027665,16.0,0.2144156500506108
5.770806328036972,1.8311459774208059,18.79961410587113,66.46277969311018,14184.010568087011,16.192407034988058,0.08800602643230294
5.747559770279887,1.9134977158485877,14.742578423962629,80.0,14162.915209275881,16.0,0.15764109220676795
5.562526295742845,1.5470539356612236,18.725471491832604,75.71794142099527,17421.84233604403,16.0,0.209349835651551
5.958940516596821,1.9279545150835136,22.301159625565525,67.46667623612645,16814.631437520096,20.465637667015326,0.2700792333606211
6.232733474786166,1.5018544431705543,20.238426192605186,68.59670932040108,15896.695316349302,17.27020555453219,0.23765735844050281
6.106731724717436,1.9712627331920864,18.02336996989865,73.30415656153556,14391.336642604007,16.0,0.20290832036181722
6.17287166859808,1.2714316196204583,20.00333136659812,70.21239462669931,15966.46350046733,17.733988820090236,0.20388995471854307
5.581149178536239,1.7496154132025943,20.589050493845605,68.08688900416635,15893.887083122263,19.257140703254034,0.28377739320962597
6.451490710176787,1.595051232365543,17.61328811902134,79.59281934593187,14692.807479640062,16.0,0.08874722924896081
6.338491833843025,1.5101190443645176,18.178797146147268,80.0,15735.406596951892,16.323817770306036,0.00033362825885622225
6.305090318495663,1.7061695029988808,19.985709447784856,67.24112217939111,15594.018937589493,18.661242636219896,0.0815863678194596
6.322983805041767,1.763085673307465,18.506654836978804,66.137675428147,16463.400392208867,17.481439797027285,0.0653674138880232
6.432710508132761,1.2034906157202472,21.356880114899518,66.84482952844469,16540.374603470576,19.237368747622753,0.19855037553419944
6.044253966113698,1.333562470997759,14.776048830612496,80.0,14181.216039088178,16.0,0.1901134799296587
5.700282017867626,1.7704368405074549,21.556761733157174,62.868103693837,15498.450458505886,19.118054488418856,0.17803841481141713
6.1167836078525415,1.733108330862565,21.44863462768303,75.29831477185427,16503.439662856945,18.668118521647425,0.00487303296283611
6.242881493667939,1.9728380041029419,20.5246045029481,77.33929506448601,16012.54503432035,19.36579133366204,0.21863341633519423
6.237917393354025,1.8088302322006264,23.391341332644316,60.449376126171394,17425.95936475329,20.928348351963592,0.09705912374564746
6.0214490241668805,1.9606181661850703,23.965723415400934,64.9134685651245,16634.77452647578,22.0,0.19951679670198932
5.568458719333578,1.7620324012278457,20.68047783836198,76.78102743891873,14651.73770832572,17.964123732047653,0.16697352855064598
5.8711129384301275,1.4384417669115546,14.600526526938431,78.9033082411857,14282.27498960172,16.0,0.10281927762837215
6.4207666084633574,1.2842919378006852,18.010523179353857,72.96105184078048,16569.677112825262,16.0,0.040372880131232323
6.084448909757426,1.8254590906759485,16.85640808677513,73.37877925670651,14106.045242166487,16.0,0.028325669298144285
6.038331943255713,1.7153193771807327,20.39528442551552,64.13564749550463,16343.102325093852,18.766584199148024,1.215754912873486
5.768853514382194,1.238548809914637,22.79623900663808,61.16113426139381,17760.920965699832,20.85390320877245,0.2755192626244674
5.868448919916579,1.4880403727207827,18.850409085196585,66.17948049579554,16301.896711503516,16.207135289775643,0.19493641402928988
6.395346089153169,1.965439852387429,19.926213233780242,70.31799087373564,15552.679704826087,18.007682839433816,0.031030234458145012
6.166463047526836,1.600320916568161,19.062387009062768,68.02535982658125,16573.152873769413,17.346790478411883,0.1206081650664722
6.287387026752333,1.5461833088157637,18.609975955982172,73.94897764698939,15833.011561966066,16.621551061481572,0.21868176003154716
5.954345423067656,1.5661596841274352,17.369144963567297,67.48223184184728,16182.46715726374,16.0,0.23394626520302042
6.130247219456158,1.367106179204131,19.919392742884295,71.81561567530369,17765.8592351061,18.24897664814255,0.03546558668732658
5.748383608743207,1.494965736691836,16.84104133997043,80.0,15544.410551203096,16.0,9.215653614724761e-06
6.205460830283486,1.4958506047897413,19.89301574934099,60.245290288460744,17844.762255295656,17.46898770867943,0.2136411137641815
5.927601333703337,1.2418840161499778,23.728686161039935,64.41291052715799,17621.402567824254,21.076729735623772,0.10697885279586168
5.9425455148147455,1.8140541028143347,16.884366761493297,80.0,14783.164539157186,16.0,0.07634439948547807
6.1493223245768815,1.5332035455231032,23.542209333175443,56.86737624019309,14277.445203500662,22.0,0.0038692409368576318
6.436280621468927,1.8577439094531387,19.389747807271487,79.58336631964553,14403.112005509707,18.105803827749497,0.1620898220284499
5.564006346608621,1.8802784008959164,18.442559549995945,75.20997594683833,14072.8873026062,16.746676726831613,0.2553452206277945
6.324743237347008,1.3695952437589265,16.661056282661285,73.15282815588539,14377.771843023713,16.0,0.2872894938817764
5.792383110412193,1.7258827857361028,22.132646852483408,65.45586090674466,16732.027093665427,19.634994178556795,0.16972348518398675
5.943919454506378,1.5778254433303853,17.133478941365368,78.52467667987787,14284.754593840917,16.0,0.15433839832196825
5.521913328775009,1.904125390337188,19.519922150465767,71.34018265613052,15275.902521175045,17.278065015508904,0.02551691564677233
5.801046077834313,1.3725925433411632,26.499670320415408,59.69443932140103,17379.501243877818,22.0,0.16466184046277993
6.00263124263013,1.7422505602480354,17.900967943494003,69.59469614761517,14093.087742943304,16.0,0.11399372368961838
5.556176077347439,1.686201697802178,23.556420582927096,63.733962954326195,17257.873930355745,21.613846248130766,0.18214058426507307
5.991095729383165,1.4362411820574663,17.721066248841826,67.48929501779145,15127.4190990936,16.0,0.116617904362964
6.427110628858427,1.309280722920938,18.4026823294927,72.6385050342711,14472.659310486624,16.134398052901226,0.07208973703511003
5.605393218107805,1.721311808381821,24.328549932727622,56.82336192722081,16786.9486614566,22.0,0.028489582568512948
6.264440728075504,1.7908779665058645,19.261837271544,67.79867574396317,16515.771387119537,16.90948214739313,0.09447553337666871
5.909671053375993,1.45250187501068,25.134785170102067,65.91089553584806,17509.88805410821,22.0,0.028993450286325682
6.155173714524338,1.715866083217851,22.355788046126495,70.74497451071836,16940.284175215544,19.9831336527543,0.053069085247195176
5.760236597985229,1.5161047260892027,20.088990169750858,72.86771026503416,17213.923721539395,18.949707873426046,0.2962008475738638
5.659492262541359,1.7705655066260941,20.392953768396268,63.75252863984457,15128.138290285226,19.04319089404435,0.1332310670719856
5.660462614271227,1.3593722199152425,20.65486707437235,67.1082236027813,14709.758175118892,17.943392556560777,0.15956152995150497
5.570491945643145,1.9121720021089395,22.246078930997825,71.57333063790027,17002.459006563433,20.791719816950796,0.2620855586211646
5.685646704901243,1.4299276771724638,18.086889517288142,74.53480553362324,17227.338957069056,16.0,0.29867067014720633
6.164219384988968,1.4942287902049223,20.507746216352956,80.0,17962.020568002692,18.949194039444134,0.17481433480340444
6.381690611843508,1.2464735616642797,19.155433436542697,73.65572232388647,15650.470707645705,16.869669616425284,0.24374214631325147
6.314125685591161,1.289209769857021,19.33920548497104,72.28183461250808,15488.072343171132,16.95090433795138,0.09808230730100258
6.185134309874484,1.6126895221698625,22.346996038069342,63.76042560284881,17105.651842967985,20.321686531779235,0.09172318723418733
5.610431863411103,1.4140741413823772,19.71861616287858,71.23047219815426,15363.21416101207,18.107994809485117,0.12081111629836805
5.78918744629595,1.8683841805937556,19.05234058499406,71.13296964810917,17723.02930241426,17.627051832251865,0.20175217880209473
5.809806875322469,1.211754710923963,22.194046709383976,69.152449964675,17433.65100737205,21.127668000259124,0.20465750677652964
5.749956946397621,1.503275238937549,20.937147600067718,72.90921638383749,15715.976109500074,19.32925479758627,0.09457183039483524
6.015005659709723,1.4698764374152742,22.123065167028066,61.82392236340412,17003.484271165988,19.8167395859655,0.03996297724098861
6.035553814879672,1.2154621047340808,23.17973294744797,56.98436933731517,17018.171496338728,20.303123310551005,0.18971887693965256
5.85688597517111,1.299494719200408,20.08033978444154,60.65829356560043,14412.49547534373,17.33793081991544,0.038497758656629355
5.853789158736436,1.5309141399349082,22.528571785175142,67.48281306421242,17610.21162671827,19.99644223210454,0.17354775246879903
6.328555597906082,1.5942916675579573,19.880678066874133,64.72181083538237,16021.009489791428,17.303783380367534,0.2080266384168927
6.289292848319685,1.5234317978038954,17.983907997398983,63.267731040439614,17305.829864430965,16.0,0.21018344891833549
5.807795831680746,1.624750142729675,20.13943484238762,71.66402333787958,15280.198404122448,18.618861127255613,0.226041633197879
6.413788443873259,1.6761053399245451,21.997468288311023,78.4700610105419,17582.0929139848,19.18307822689936,0.26185782646969935
6.452815017002506,1.2079390569022685,20.0999643893274,69.76971666364574,15556.806714936652,17.758499765515733,0.14998769758943653
5.826742542030041,1.571276127562803,15.489853454280576,80.0,14043.350605921194,16.0,0.21907475685887134
5.854424948793055,1.9707993927100707,19.45941482486053,71.49031714301677,17621.527905677056,18.23743588643357,0.185751820609751
6.005634153421958,1.615225824103639,20.471452413810344,68.56264690642361,14365.146707144535,18.57734132619749,0.05599198193930477
6.441120812533674,1.7420338139671625,19.19814424264835,76.19909392964213,15277.25455036166,17.2774277002445,0.00770689346082245
6.376319433142312,1.4494910863335067,23.16324926294847,62.22212875315981,17800.24786820322,20.43412204390313,0.08536241570308013
5.60256796258359,1.8191931025222101,21.85906534001115,67.61883089033722,17802.428587750226,19.76576889963557,0.13291011190128582
5.892730743271416,1.818337185500892,20.353263831484636,70.90196136801079,16293.751552493144,18.592462733543815,0.1851317833285969
6.053371189749772,1.6170368381233111,22.40391646063119,61.85171481052237,16527.348848679198,19.450315803609872,0.2549877991509616
6.00313247255154,1.980811058623371,18.76169263147853,77.43682648472554,15793.78208791328,17.540251444825902,0.05887371501184969
5.693863067936893,1.3004401718101226,19.365084640674226,70.3950319351745,15172.843086792258,17.519987784050336,0.03766493696954313
6.358816771168154,1.2135581319116648,18.39010760406958,69.44105899439661,15314.658181479665,17.30605825372677,0.28904398424229827
6.176940782996837,1.8161265694056767,19.821081369443522,73.04038647896498,16690.073824308154,17.341273127909663,0.03241336781292213
6.3379083748518035,1.845724429891906,20.39115387081344,64.72535234941793,17009.49811775072,17.55500076641514,0.14354732103215675
6.358764279349472,1.296165783296461,21.61058371817082,66.919738350504,17166.316174903393,20.05050905906984,0.17566911863799056
6.24835585366574,1.4124662663668848,20.20097532785126,69.55245436107646,17158.472571178216,17.48429197425302,0.16241232627223148
5.939210601249718,1.214041890693303,20.876336663341803,73.67680450247428,14364.824412194761,19.291900202418006,0.02580964710988296
6.110546755015425,1.4346468886244517,18.18846661437132,75.99655793565712,15977.681218810325,16.0,0.01710807420108581
5.660365406119743,1.8185134991349372,17.85649175174386,74.16188170278656,14230.235040066576,16.0,0.0316450282383107
6.173645417474908,1.6143684221700632,19.318653412746592,75.45152467050825,16198.115529294942,16.708839859063715,0.17567630516178376
5.6792532557392805,1.4784764745346304,22.66007777420097,71.63088219668462,15766.122005493507,21.624064663000063,0.16330346629029632
6.193949590510157,1.4973914359250642,21.943926284056346,68.90119896364662,17550.8167310332,19.018305569908293,0.07012223761102328
5.7295981607539685,1.2010829005723744,21.467349129145585,67.11706484092572,15403.660050208315,19.01400714500494,0.19133224255367745
5.61755130015022,1.4398404220521888,15.497147319636479,72.44652419897623,14468.268065710423,16.0,0.2460202506166948
5.665284490142957,1.7171669933103444,19.10606725994986,66.46229716472342,14571.966728211344,16.44727793023217,0.01247368795397813
5.50199213521907,1.9793555550530857,22.825304118116765,62.82326824199314,17046.04252686989,21.262261721286905,0.14943898306441272
6.21873961785353,1.8776486615871195,20.63744023181589,65.67755852557181,16472.872253265043,17.891932552683635,0.20679312363080707
6.232401049058379,1.2188759717164233,20.535451454621864,67.99424057582904,14404.490704491162,19.31029067379799,0.07569357812090612
6.014933349913259,1.9188484837398714,17.301850324259245,75.67954897596704,14336.42722445999,16.0,0.09233127158794473
5.661362801055383,1.8265587306389008,23.62257140620764,65.40332095936837,16803.87652583648,21.54117445291782,0.18409137089681513
5.58355433751069,1.8243008988567844,22.888848272695277,63.86980956431399,14291.052025456775,21.695779332304397,0.26938058803312104
5.519128966437287,1.5663966072028572,20.561763116282105,71.30898198656679,17287.440237161423,19.077975459764428,0.2429773260908698
5.665748176965221,1.5184042343636022,19.933963865824442,70.45444434240173,16824.968908625986,18.90915579326981,0.17493906572987505
6.390855534983147,1.442332583066554,21.232164076803002,57.65833901462464,14325.3951225676,19.29462814587399,0.21906651532717475
5.741536841701682,1.2525558871634925,21.49849514780219,62.30633273530185,14339.350856340767,19.895964626282186,0.1094467410623396
5.854271327217216,1.3825882907949594,20.900838259698165,67.4778857019956,17946.558314004702,18.704123291102647,0.1922896584296273
5.605345484481333,1.3972829079824196,18.656709548832765,66.63810718812893,15497.08318302448,17.06223393341553,0.13985447733826709
5.72236130474817,1.5872616557681614,18.91899937054655,75.16164490888792,15482.568588267564,17.319161147532583,0.05698084093726827
6.019224570780205,1.7979555252773551,18.562297246961457,80.0,17251.19826903001,16.07591084949825,0.21052148216317715
6.107752683095653,1.5790478627183573,19.95169041656704,76.19042842535251,17788.994309535436,18.855404744610333,0.1669393912046466
5.745352314166211,1.2462755595577284,19.935722721787347,69.06134020177427,17944.004255291482,17.129932731403372,0.10758647458607741
5.557732159225117,1.966231840790563,19.47791761082751,78.49779546259474,17013.512741035767,16.77338986204515,0.2734017570235892
5.8910328691273985,1.9541794552752898,19.435668567350103,71.87200015131035,15505.038342123664,17.10005920089729,0.00628023534801998
5.734203370926334,1.8281516345187268,18.802432331867717,70.70970548067436,14334.002866794675,16.61598919165295,0.0947319453748488
5.719553923229802,1.9930623212513765,24.2095886493379,58.5138093836195,17108.587663709746,21.424983653058597,0.017064419333293966
6.459862802713455,1.6355858662402103,18.236908917465637,72.01383373262807,16233.61699894322,16.86624855840821,0.22995819486648814
6.116300485925724,1.9702146802025648,21.66553283394107,64.72805023941171,15696.888036987904,20.507594509559414,0.21063223623413777
6.056878443172096,1.2604840324934006,21.197439851927925,68.45720140802159,17625.417540378945,19.71841951210885,0.0994056656208951
5.9157751035233215,1.492544598609097,18.34586250991974,74.11114488540984,14444.789929224606,16.0,0.20269887066212192
5.928944333430144,1.3803050144054128,21.320139401496643,67.37495129777378,15970.500417163437,20.250798868043677,0.11878116785878495
6.0409050038380805,1.356666467307416,15.799970535945079,80.0,14045.414579069677,16.0,0.2268761374267303
6.1964298070361075,1.3126423591141407,20.639462060344606,74.67430725324249,15874.642567976505,17.648587027961987,0.1362550988210118
6.2021460961818295,1.6979309132527973,18.55811751915346,77.6315356388997,14225.21310272735,16.0,0.12368391834949966
5.67169390770545,1.825057484597844,19.460174193088587,63.655161771573304,14475.271665072287,17.417282815001407,0.2804189746464903
6.000112752076627,1.6626387195362886,19.048442274924057,59.13350977564211,14470.10498710842,17.921160456350773,0.07526372996721006
5.911958095034102,1.3175701676705678,25.507441488286045,63.65671657962428,16596.841208464255,22.0,0.03613420199896963
6.370526966269384,1.8488990159467766,19.70869954855906,63.748207410804774,16984.179517061693,17.510742532204638,0.17536293397783745
6.131418921218376,1.7087637657309829,19.271481150385004,70.33321068976659,16333.475060388639,18.04161515626587,0.29079654368525365
6.0325040664159815,1.5105325649015964,20.60240914104864,62.94461658760592,17848.69019389817,19.414694571401927,1.5089146122499948
5.615394642178917,1.7393042364288505,18.388528079774307,64.2130416525513,15499.482318094817,16.0,0.018611029088634455
6.105637889323411,1.4079239833942663,17.86807409051441,76.97116545999512,15142.848345127442,16.0,0.10179158019287023
5.617203905680233,1.4761537667953684,23.852429574972945,66.09091665156734,17474.39651275784,21.193855976339435,0.15177949629586754
5.837206575565752,1.933988674505592,21.73539185005752,63.64666429625135,14894.38335407781,18.977434049492985,0.04857690198966411
5.642841964814332,1.4324036045371362,20.711397570263493,55.621993398748465,17852.890157762446,18.56785286616685,0.19743066541694762
6.192073647024369,1.5759906145263494,16.383906752550807,74.50096425363597,14048.617898759265,16.0,0.29932481670306016
5.706252113836152,1.9121129099168117,22.822346419603363,66.314327187806,17879.515306830555,20.961491598961384,0.13552184279443313
5.891859373188026,1.766177080214022,17.068193559240363,68.46905503764863,14172.639647802305,16.0,0.10641856701906378
6.395674777618779,1.249762580931762,22.830436090303305,65.25592741828916,17564.572454792284,20.961244168585882,0.12021125005033999
5.70431638339897,1.3178424354231761,20.516650478047797,68.89014979803943,16110.804436345199,17.968891166587483,0.03454385351856034
6.007805063958779,1.2062732726175334,18.940370954482738,75.01571558903997,17971.8591844772,16.736524092452473,0.26498208042786714
5.919271661166022,1.7047374321833306,21.390196661601717,67.81750851886733,14295.186258941596,18.605150081692024,0.1244476966564056
5.51812404104573,1.5581387403283347,23.807172483796325,57.520310327999574,16215.417137605284,21.92041245503795,0.11618232342745238
6.292758113572813,1.3074198807218205,20.651632761507624,74.6795919853072,17877.210142476397,18.437453604070114,0.1979070818791423
5.569045906314599,1.9663472968454163,19.316988256808628,70.57337562124789,16092.391376680596,17.05437315062465,0.13261002627933705
5.974255020976954,1.623727779156496,21.089325333990857,67.68482663446862,16517.59455254105,18.905931009378207,0.19447004064235382
6.06067829493895,1.3935146352903114,21.451908335912517,62.42984353280898,16782.994755938467,19.046640789741485,0.018433887039236253
6.128426456614587,1.6004828569237661,21.135252804416755,65.51308313520894,15818.164259071093,19.66038586766714,0.24411700311666823
6.188631629307876,1.7436962661880862,24.530641397868955,56.514703634127585,16510.232320336254,22.0,0.28215118586382076
5.753272383522715,1.2609913743788514,19.983362792704305,69.16854411497428,16337.257247692402,18.77491318708761,0.19462961584781577
5.50997877665845,1.4197630520383135,20.00803755288705,78.54246729493762,17604.632041963956,18.239014897597425,0.28636977865764324
6.223443662354912,1.845572392707195,15.423147065336778,72.29420015466967,14181.785521365831,16.0,0.045429694310988984
6.035656599347579,1.567731896322129,17.661992678485085,66.60820765364613,15123.852758368921,16.0,0.1432248568441061
6.336117703207249,1.6372617136258358,21.735391990558643,73.88506765635077,17801.645936306235,18.834329885386236,0.18054202018363416
6.321388362900694,1.5462528017675754,25.15017086259924,58.65303988904219,17561.055135563663,22.0,0.174520994226356
6.343326167787883,1.235119954114404,18.78740441307051,69.07982748055939,15822.627011142851,16.300216580717393,0.12043853372671297
5.9850946599795405,1.3325998238561247,20.928106294483943,73.34331084801251,16480.530391206146,18.91557417549354,0.10142532280987841
5.8336283958368655,1.5564333109935127,19.076678939779026,68.81856442175763,15109.52473192453,16.808470877026362,0.03804720676512564
6.29155820259137,1.3673483723263422,21.12927118579121,76.87150619615225,14752.484638895045,19.987406753523665,0.11752273516868345
5.951294113029255,1.239983222927743,24.90865847150717,63.572312413682006,15854.793619759928,22.0,0.04879824453164554
5.683442196403434,1.874919731241459,18.351671366263567,70.85710022674435,15413.40891210421,16.62796517985329,0.22030970294766553
6.354974019561475,1.9849540233312926,19.355745562367044,80.0,16334.624447403488,17.410758852354018,0.06264928064837699
6.382559876772348,1.8345142991973915,20.399260301998083,66.17290478098714,14310.93854785994,19.307962810993317,0.017569591585360155
5.96630975614017,1.8830279373637335,23.261362209917287,67.18775244021197,17897.579230664665,21.981314014810653,0.16570984134517028
5.575699727309788,1.3935817042536363,25.63825762939048,60.2199476432515,17944.84297791841,22.0,0.1785689198158205
